<?xml version="1.0" encoding="UTF-8"?>
<vmap:VMAP xmlns:vmap="https://www.iab.net/videosuite/vmap" version="1.0">
 <vmap:AdBreak timeOffset="start" breakType="linear" breakId="preroll">
  <vmap:AdSource id="preroll-ad-1" allowMultipleAds="false" followRedirects="true">
   <vmap:AdTagURI templateType="vast3"><![CDATA[content/vast/Single-preroll-linear.xml]]></vmap:AdTagURI>
  </vmap:AdSource>
 </vmap:AdBreak>
 <vmap:AdBreak timeOffset="5%" breakType="non-linear" breakId="preroll">
  <vmap:AdSource id="preroll-ad-1" allowMultipleAds="false" followRedirects="true">
   <vmap:AdTagURI templateType="vast3"><![CDATA[content/vast/Single Non-linear Inline.xml]]></vmap:AdTagURI>
  </vmap:AdSource>
 </vmap:AdBreak>
 <vmap:AdBreak timeOffset="50%" breakType="linear" breakId="midroll-1">
  <vmap:AdSource id="midroll-1-ad-1" allowMultipleAds="false" followRedirects="true">
   <vmap:AdTagURI templateType="vast3"><![CDATA[content/vast/Single-inline-linear-middle.xml]]></vmap:AdTagURI>
  </vmap:AdSource>
 </vmap:AdBreak>
 <vmap:AdBreak timeOffset="50%" breakType="linear" breakId="midroll-1">
  <vmap:AdSource id="midroll-1-ad-2" allowMultipleAds="false" followRedirects="true">
   <vmap:AdTagURI templateType="vast3"><![CDATA[content/vast/Single-inline-linear-middle.xml]]></vmap:AdTagURI>
  </vmap:AdSource>
 </vmap:AdBreak>
 <vmap:AdBreak timeOffset="50%" breakType="linear" breakId="midroll-1">
  <vmap:AdSource id="midroll-1-ad-3" allowMultipleAds="false" followRedirects="true">
   <vmap:AdTagURI templateType="vast3"><![CDATA[content/vast/Single-inline-linear-middle.xml]]></vmap:AdTagURI>
  </vmap:AdSource>
 </vmap:AdBreak>
 <vmap:AdBreak timeOffset="55%" breakType="non-linear" breakId="preroll">
  <vmap:AdSource id="preroll-ad-1" allowMultipleAds="false" followRedirects="true">
   <vmap:AdTagURI templateType="vast3"><![CDATA[content/vast/Single Non-linear Inline.xml]]></vmap:AdTagURI>
  </vmap:AdSource>
 </vmap:AdBreak>
 <vmap:AdBreak timeOffset="end" breakType="linear" breakId="postroll">
  <vmap:AdSource id="postroll-ad-1" allowMultipleAds="false" followRedirects="true">
   <vmap:AdTagURI templateType="vast3"><![CDATA[content/vast/Single-postroll-linear.xml]]></vmap:AdTagURI>
  </vmap:AdSource>
 </vmap:AdBreak>
</vmap:VMAP>