<VAST version="3.0">
    <Ad id="20011">
        <Wrapper>
            <AdSystem version="4.0">iabtechlab</AdSystem>
            <VASTAdTagURI><![CDATA[content/vast/Single-preroll-linear.xml]]></VASTAdTagURI>

            <Error>https://example.com/error</Error>

            <Impression>https://example.com/track/impression</Impression>
            <Creatives>
                <Creative id="5480" sequence="1">
                    <CompanionAds>
                        <Companion id="1232" width="100" height="150" assetWidth="250" assetHeight="200" expandedWidth="350" expandedHeight="250">
                            <StaticResource creativeType="image/png">
                                    <![CDATA[https://www.iab.com/wp-content/uploads/2014/09/iab-tech-lab-6-644x290.png]]>
                            </StaticResource>
                            <CompanionClickThrough>
                                <![CDATA[https://iabtechlab.com]]>
                            </CompanionClickThrough>
                        </Companion>
                    </CompanionAds>
                </Creative>
            </Creatives>
        </Wrapper>
    </Ad>
</VAST>